timestamp_utc,sample_id,url,status,bytes,message
2026-05-27T05:25:54.601595+00:00,244,https://1000springs.org.nz/samplesite/244,200,22993,ok
2026-05-27T05:25:57.668206+00:00,245,https://1000springs.org.nz/samplesite/245,200,22913,ok
2026-05-27T05:25:59.906568+00:00,246,https://1000springs.org.nz/samplesite/246,200,23227,ok
2026-05-27T05:26:02.837859+00:00,247,https://1000springs.org.nz/samplesite/247,200,23180,ok
2026-05-27T05:26:05.197781+00:00,248,https://1000springs.org.nz/samplesite/248,200,23289,ok
2026-05-27T05:26:07.564535+00:00,249,https://1000springs.org.nz/samplesite/249,200,23078,ok
2026-05-27T05:26:10.473389+00:00,250,https://1000springs.org.nz/samplesite/250,200,23228,ok
2026-05-27T05:26:13.106616+00:00,251,https://1000springs.org.nz/samplesite/251,200,23064,ok
2026-05-27T05:26:15.419641+00:00,252,https://1000springs.org.nz/samplesite/252,200,23092,ok
2026-05-27T05:26:18.051681+00:00,253,https://1000springs.org.nz/samplesite/253,200,23049,ok
2026-05-27T05:26:44.264892+00:00,254,https://1000springs.org.nz/samplesite/254,200,23002,ok
2026-05-27T05:26:47.589705+00:00,255,https://1000springs.org.nz/samplesite/255,200,23207,ok
2026-05-27T05:26:54.174843+00:00,256,https://1000springs.org.nz/samplesite/256,200,23199,ok
2026-05-27T05:26:58.368549+00:00,257,https://1000springs.org.nz/samplesite/257,200,23223,ok
2026-05-27T05:27:05.408162+00:00,258,https://1000springs.org.nz/samplesite/258,200,23047,ok
2026-05-27T05:27:12.027226+00:00,259,https://1000springs.org.nz/samplesite/259,200,23006,ok
2026-05-27T05:27:16.718079+00:00,260,https://1000springs.org.nz/samplesite/260,200,23067,ok
2026-05-27T05:27:23.075409+00:00,261,https://1000springs.org.nz/samplesite/261,200,23042,ok
2026-05-27T05:27:26.763451+00:00,262,https://1000springs.org.nz/samplesite/262,200,22999,ok
2026-05-27T05:27:31.240069+00:00,263,https://1000springs.org.nz/samplesite/263,200,23104,ok
2026-05-27T05:27:36.299417+00:00,264,https://1000springs.org.nz/samplesite/264,200,23102,ok
2026-05-27T05:27:41.720525+00:00,265,https://1000springs.org.nz/samplesite/265,200,23101,ok
2026-05-27T05:27:45.652984+00:00,266,https://1000springs.org.nz/samplesite/266,200,22977,ok
2026-05-27T05:27:50.981767+00:00,267,https://1000springs.org.nz/samplesite/267,200,23094,ok
2026-05-27T05:27:54.180949+00:00,268,https://1000springs.org.nz/samplesite/268,200,23157,ok
2026-05-27T05:27:57.788995+00:00,269,https://1000springs.org.nz/samplesite/269,200,23184,ok
2026-05-27T05:28:02.910067+00:00,270,https://1000springs.org.nz/samplesite/270,200,23059,ok
2026-05-27T05:28:07.052597+00:00,271,https://1000springs.org.nz/samplesite/271,200,23137,ok
2026-05-27T05:28:11.571410+00:00,272,https://1000springs.org.nz/samplesite/272,200,23067,ok
2026-05-27T05:28:17.225567+00:00,278,https://1000springs.org.nz/samplesite/278,200,22959,ok
2026-05-27T05:28:21.946874+00:00,279,https://1000springs.org.nz/samplesite/279,200,23064,ok
2026-05-27T05:28:27.896180+00:00,280,https://1000springs.org.nz/samplesite/280,200,22971,ok
2026-05-27T05:28:32.547874+00:00,281,https://1000springs.org.nz/samplesite/281,200,23163,ok
2026-05-27T05:28:37.202882+00:00,282,https://1000springs.org.nz/samplesite/282,200,23202,ok
2026-05-27T05:28:40.689317+00:00,283,https://1000springs.org.nz/samplesite/283,200,23153,ok
2026-05-27T05:28:46.994089+00:00,284,https://1000springs.org.nz/samplesite/284,200,23069,ok
2026-05-27T05:28:50.042606+00:00,285,https://1000springs.org.nz/samplesite/285,200,23132,ok
2026-05-27T05:28:54.826657+00:00,294,https://1000springs.org.nz/samplesite/294,200,23121,ok
2026-05-27T05:29:00.866120+00:00,295,https://1000springs.org.nz/samplesite/295,200,23172,ok
2026-05-27T05:29:06.321943+00:00,296,https://1000springs.org.nz/samplesite/296,200,23249,ok
2026-05-27T05:29:10.725969+00:00,297,https://1000springs.org.nz/samplesite/297,200,23127,ok
2026-05-27T05:29:16.328959+00:00,298,https://1000springs.org.nz/samplesite/298,200,23067,ok
2026-05-27T05:29:20.015256+00:00,299,https://1000springs.org.nz/samplesite/299,200,23132,ok
2026-05-27T05:29:25.731444+00:00,300,https://1000springs.org.nz/samplesite/300,200,23086,ok
2026-05-27T05:29:29.150339+00:00,301,https://1000springs.org.nz/samplesite/301,200,23404,ok
2026-05-27T05:29:35.159083+00:00,302,https://1000springs.org.nz/samplesite/302,200,23185,ok
2026-05-27T05:29:39.324529+00:00,303,https://1000springs.org.nz/samplesite/303,200,23390,ok
2026-05-27T05:29:43.152717+00:00,304,https://1000springs.org.nz/samplesite/304,200,23382,ok
2026-05-27T05:29:46.230794+00:00,305,https://1000springs.org.nz/samplesite/305,200,23348,ok
2026-05-27T05:29:52.682161+00:00,306,https://1000springs.org.nz/samplesite/306,200,23156,ok
2026-05-27T05:29:58.566415+00:00,307,https://1000springs.org.nz/samplesite/307,200,23097,ok
2026-05-27T05:30:02.411016+00:00,308,https://1000springs.org.nz/samplesite/308,200,23286,ok
2026-05-27T05:30:09.211960+00:00,309,https://1000springs.org.nz/samplesite/309,200,23099,ok
2026-05-27T05:30:14.001956+00:00,310,https://1000springs.org.nz/samplesite/310,200,23162,ok
2026-05-27T05:30:18.868106+00:00,311,https://1000springs.org.nz/samplesite/311,200,23188,ok
2026-05-27T05:30:24.432865+00:00,312,https://1000springs.org.nz/samplesite/312,200,23268,ok
2026-05-27T05:30:28.361282+00:00,313,https://1000springs.org.nz/samplesite/313,200,23393,ok
2026-05-27T05:30:31.538752+00:00,314,https://1000springs.org.nz/samplesite/314,200,23083,ok
2026-05-27T05:30:37.827211+00:00,315,https://1000springs.org.nz/samplesite/315,200,23273,ok
2026-05-27T05:30:42.622123+00:00,316,https://1000springs.org.nz/samplesite/316,200,23123,ok
2026-05-27T05:30:47.573160+00:00,317,https://1000springs.org.nz/samplesite/317,200,23242,ok
2026-05-27T05:30:53.078602+00:00,318,https://1000springs.org.nz/samplesite/318,200,23525,ok
2026-05-27T05:30:59.933446+00:00,319,https://1000springs.org.nz/samplesite/319,200,23087,ok
2026-05-27T05:31:06.938961+00:00,320,https://1000springs.org.nz/samplesite/320,200,23248,ok
2026-05-27T05:31:09.583854+00:00,331,https://1000springs.org.nz/samplesite/331,200,23199,ok
2026-05-27T05:31:13.208384+00:00,332,https://1000springs.org.nz/samplesite/332,200,23037,ok
2026-05-27T05:31:18.021612+00:00,333,https://1000springs.org.nz/samplesite/333,200,23015,ok
2026-05-27T05:31:22.090639+00:00,334,https://1000springs.org.nz/samplesite/334,200,22961,ok
2026-05-27T05:31:29.098229+00:00,335,https://1000springs.org.nz/samplesite/335,200,23074,ok
2026-05-27T05:31:33.679708+00:00,336,https://1000springs.org.nz/samplesite/336,200,23224,ok
2026-05-27T05:31:37.537165+00:00,345,https://1000springs.org.nz/samplesite/345,200,23198,ok
2026-05-27T05:31:43.828301+00:00,346,https://1000springs.org.nz/samplesite/346,200,23035,ok
2026-05-27T05:31:50.797560+00:00,347,https://1000springs.org.nz/samplesite/347,200,23088,ok
2026-05-27T05:31:55.115022+00:00,348,https://1000springs.org.nz/samplesite/348,200,23124,ok
2026-05-27T05:32:00.993964+00:00,349,https://1000springs.org.nz/samplesite/349,200,23062,ok
2026-05-27T05:32:05.947965+00:00,350,https://1000springs.org.nz/samplesite/350,200,23056,ok
2026-05-27T05:32:08.927208+00:00,351,https://1000springs.org.nz/samplesite/351,200,22981,ok
2026-05-27T05:32:15.903654+00:00,352,https://1000springs.org.nz/samplesite/352,200,22848,ok
2026-05-27T05:32:21.162718+00:00,353,https://1000springs.org.nz/samplesite/353,200,23023,ok
2026-05-27T05:32:26.073800+00:00,354,https://1000springs.org.nz/samplesite/354,200,22906,ok
2026-05-27T05:32:30.214956+00:00,355,https://1000springs.org.nz/samplesite/355,200,22894,ok
2026-05-27T05:32:34.368877+00:00,356,https://1000springs.org.nz/samplesite/356,200,22890,ok
2026-05-27T05:32:40.895451+00:00,357,https://1000springs.org.nz/samplesite/357,200,22977,ok
2026-05-27T05:32:46.246496+00:00,358,https://1000springs.org.nz/samplesite/358,200,22995,ok
2026-05-27T05:32:52.899051+00:00,359,https://1000springs.org.nz/samplesite/359,200,23026,ok
2026-05-27T05:32:57.472675+00:00,360,https://1000springs.org.nz/samplesite/360,200,23004,ok
2026-05-27T05:33:04.576146+00:00,361,https://1000springs.org.nz/samplesite/361,200,22858,ok
2026-05-27T05:33:11.147446+00:00,362,https://1000springs.org.nz/samplesite/362,200,22896,ok
2026-05-27T05:33:17.848003+00:00,363,https://1000springs.org.nz/samplesite/363,200,22948,ok
2026-05-27T05:33:22.804350+00:00,364,https://1000springs.org.nz/samplesite/364,200,22899,ok
2026-05-27T05:33:27.609578+00:00,365,https://1000springs.org.nz/samplesite/365,200,22921,ok
2026-05-27T05:33:33.270634+00:00,366,https://1000springs.org.nz/samplesite/366,200,22911,ok
2026-05-27T05:33:37.225532+00:00,367,https://1000springs.org.nz/samplesite/367,200,22880,ok
2026-05-27T05:33:42.771010+00:00,368,https://1000springs.org.nz/samplesite/368,200,22963,ok
2026-05-27T05:33:46.684356+00:00,369,https://1000springs.org.nz/samplesite/369,200,23031,ok
2026-05-27T05:33:52.739486+00:00,370,https://1000springs.org.nz/samplesite/370,200,22967,ok
2026-05-27T05:33:58.630950+00:00,371,https://1000springs.org.nz/samplesite/371,200,22927,ok
2026-05-27T05:34:02.865005+00:00,372,https://1000springs.org.nz/samplesite/372,200,23036,ok
2026-05-27T05:34:05.817049+00:00,373,https://1000springs.org.nz/samplesite/373,200,23156,ok
2026-05-27T05:34:09.807245+00:00,374,https://1000springs.org.nz/samplesite/374,200,23230,ok
2026-05-27T05:34:13.459677+00:00,375,https://1000springs.org.nz/samplesite/375,200,22963,ok
2026-05-27T05:34:16.996241+00:00,376,https://1000springs.org.nz/samplesite/376,200,22942,ok
2026-05-27T05:34:23.542725+00:00,377,https://1000springs.org.nz/samplesite/377,200,23195,ok
2026-05-27T05:34:30.502402+00:00,378,https://1000springs.org.nz/samplesite/378,200,23032,ok
2026-05-27T05:34:36.837471+00:00,384,https://1000springs.org.nz/samplesite/384,200,23059,ok
2026-05-27T05:34:40.824907+00:00,385,https://1000springs.org.nz/samplesite/385,200,22877,ok
2026-05-27T05:34:43.965357+00:00,386,https://1000springs.org.nz/samplesite/386,200,22928,ok
2026-05-27T05:34:49.430288+00:00,387,https://1000springs.org.nz/samplesite/387,200,22900,ok
2026-05-27T05:34:54.946594+00:00,388,https://1000springs.org.nz/samplesite/388,200,22869,ok
2026-05-27T05:34:58.908516+00:00,389,https://1000springs.org.nz/samplesite/389,200,22863,ok
2026-05-27T05:35:02.192889+00:00,390,https://1000springs.org.nz/samplesite/390,200,22925,ok
2026-05-27T05:35:05.350236+00:00,391,https://1000springs.org.nz/samplesite/391,200,22934,ok
2026-05-27T05:35:11.243834+00:00,392,https://1000springs.org.nz/samplesite/392,200,22633,ok
2026-05-27T05:35:17.092671+00:00,393,https://1000springs.org.nz/samplesite/393,200,22850,ok
2026-05-27T05:35:21.567280+00:00,394,https://1000springs.org.nz/samplesite/394,200,23121,ok
2026-05-27T05:35:28.638998+00:00,395,https://1000springs.org.nz/samplesite/395,200,22970,ok
2026-05-27T05:35:32.337814+00:00,396,https://1000springs.org.nz/samplesite/396,200,22930,ok
2026-05-27T05:35:39.419572+00:00,397,https://1000springs.org.nz/samplesite/397,200,23090,ok
2026-05-27T05:35:45.141088+00:00,398,https://1000springs.org.nz/samplesite/398,200,22979,ok
2026-05-27T05:35:51.676410+00:00,399,https://1000springs.org.nz/samplesite/399,200,23153,ok
2026-05-27T05:35:55.221031+00:00,400,https://1000springs.org.nz/samplesite/400,200,22988,ok
2026-05-27T05:36:00.479396+00:00,401,https://1000springs.org.nz/samplesite/401,200,22857,ok
2026-05-27T05:36:05.409930+00:00,402,https://1000springs.org.nz/samplesite/402,200,22901,ok
2026-05-27T05:36:09.918334+00:00,403,https://1000springs.org.nz/samplesite/403,200,23048,ok
2026-05-27T05:36:14.773752+00:00,404,https://1000springs.org.nz/samplesite/404,200,22840,ok
2026-05-27T05:36:18.181871+00:00,405,https://1000springs.org.nz/samplesite/405,200,22828,ok
2026-05-27T05:36:23.314880+00:00,406,https://1000springs.org.nz/samplesite/406,200,22911,ok
2026-05-27T05:36:27.874864+00:00,407,https://1000springs.org.nz/samplesite/407,200,23017,ok
2026-05-27T05:36:33.264200+00:00,408,https://1000springs.org.nz/samplesite/408,200,22990,ok
2026-05-27T05:36:39.339026+00:00,409,https://1000springs.org.nz/samplesite/409,200,22944,ok
2026-05-27T05:36:42.786148+00:00,410,https://1000springs.org.nz/samplesite/410,200,22960,ok
2026-05-27T05:36:47.192176+00:00,411,https://1000springs.org.nz/samplesite/411,200,22883,ok
2026-05-27T05:36:51.945036+00:00,412,https://1000springs.org.nz/samplesite/412,200,22884,ok
2026-05-27T05:36:57.630953+00:00,413,https://1000springs.org.nz/samplesite/413,200,23256,ok
2026-05-27T05:37:03.652326+00:00,414,https://1000springs.org.nz/samplesite/414,200,23033,ok
2026-05-27T05:37:10.004774+00:00,415,https://1000springs.org.nz/samplesite/415,200,23125,ok
2026-05-27T05:37:16.223189+00:00,416,https://1000springs.org.nz/samplesite/416,200,22907,ok
2026-05-27T05:37:19.518901+00:00,417,https://1000springs.org.nz/samplesite/417,200,22979,ok
2026-05-27T05:37:24.304635+00:00,418,https://1000springs.org.nz/samplesite/418,200,23016,ok
2026-05-27T05:37:28.151963+00:00,419,https://1000springs.org.nz/samplesite/419,200,23003,ok
2026-05-27T05:37:33.563664+00:00,420,https://1000springs.org.nz/samplesite/420,200,23003,ok
2026-05-27T05:37:36.785156+00:00,421,https://1000springs.org.nz/samplesite/421,200,23116,ok
2026-05-27T05:37:41.701963+00:00,422,https://1000springs.org.nz/samplesite/422,200,22910,ok
2026-05-27T05:37:48.119993+00:00,423,https://1000springs.org.nz/samplesite/423,200,22978,ok
2026-05-27T05:37:51.528132+00:00,424,https://1000springs.org.nz/samplesite/424,200,22989,ok
2026-05-27T05:37:56.889008+00:00,425,https://1000springs.org.nz/samplesite/425,200,22897,ok
2026-05-27T05:38:01.294510+00:00,426,https://1000springs.org.nz/samplesite/426,200,23106,ok
2026-05-27T05:38:05.163571+00:00,427,https://1000springs.org.nz/samplesite/427,200,22907,ok
2026-05-27T05:38:10.340314+00:00,428,https://1000springs.org.nz/samplesite/428,200,22981,ok
2026-05-27T05:38:16.283357+00:00,429,https://1000springs.org.nz/samplesite/429,200,22934,ok
2026-05-27T05:38:19.717770+00:00,430,https://1000springs.org.nz/samplesite/430,200,22987,ok
2026-05-27T05:38:26.107737+00:00,431,https://1000springs.org.nz/samplesite/431,200,23102,ok
2026-05-27T05:38:31.533730+00:00,432,https://1000springs.org.nz/samplesite/432,200,23137,ok
2026-05-27T05:38:34.430909+00:00,433,https://1000springs.org.nz/samplesite/433,200,22911,ok
2026-05-27T05:38:38.407260+00:00,434,https://1000springs.org.nz/samplesite/434,200,23022,ok
2026-05-27T05:38:45.427664+00:00,435,https://1000springs.org.nz/samplesite/435,200,22980,ok
2026-05-27T05:38:49.624540+00:00,436,https://1000springs.org.nz/samplesite/436,200,22996,ok
2026-05-27T05:38:53.860832+00:00,437,https://1000springs.org.nz/samplesite/437,200,23073,ok
2026-05-27T05:38:58.557725+00:00,438,https://1000springs.org.nz/samplesite/438,200,23158,ok
2026-05-27T05:39:04.107213+00:00,439,https://1000springs.org.nz/samplesite/439,200,23149,ok
2026-05-27T05:39:08.912808+00:00,440,https://1000springs.org.nz/samplesite/440,200,23160,ok
2026-05-27T05:39:15.002346+00:00,441,https://1000springs.org.nz/samplesite/441,200,23282,ok
2026-05-27T05:39:19.726685+00:00,442,https://1000springs.org.nz/samplesite/442,200,23049,ok
2026-05-27T05:39:25.668012+00:00,443,https://1000springs.org.nz/samplesite/443,200,23322,ok
2026-05-27T05:39:32.562207+00:00,444,https://1000springs.org.nz/samplesite/444,200,23122,ok
2026-05-27T05:39:39.229438+00:00,445,https://1000springs.org.nz/samplesite/445,200,23160,ok
2026-05-27T05:39:42.618189+00:00,446,https://1000springs.org.nz/samplesite/446,200,23221,ok
2026-05-27T05:39:45.166385+00:00,447,https://1000springs.org.nz/samplesite/447,200,23009,ok
2026-05-27T05:39:51.459763+00:00,448,https://1000springs.org.nz/samplesite/448,200,23024,ok
2026-05-27T05:39:58.499503+00:00,449,https://1000springs.org.nz/samplesite/449,200,23086,ok
2026-05-27T05:40:03.593470+00:00,450,https://1000springs.org.nz/samplesite/450,200,23008,ok
2026-05-27T05:40:08.493597+00:00,454,https://1000springs.org.nz/samplesite/454,200,22964,ok
2026-05-27T05:40:14.244697+00:00,455,https://1000springs.org.nz/samplesite/455,200,23246,ok
2026-05-27T05:40:18.441858+00:00,456,https://1000springs.org.nz/samplesite/456,200,23004,ok
2026-05-27T05:40:23.766764+00:00,457,https://1000springs.org.nz/samplesite/457,200,23020,ok
2026-05-27T05:40:28.165172+00:00,458,https://1000springs.org.nz/samplesite/458,200,23064,ok
2026-05-27T05:40:34.737240+00:00,459,https://1000springs.org.nz/samplesite/459,200,23217,ok
2026-05-27T05:40:38.705424+00:00,460,https://1000springs.org.nz/samplesite/460,200,23016,ok
2026-05-27T05:40:42.609010+00:00,461,https://1000springs.org.nz/samplesite/461,200,23196,ok
2026-05-27T05:40:46.851309+00:00,462,https://1000springs.org.nz/samplesite/462,200,22919,ok
2026-05-27T05:40:53.921904+00:00,463,https://1000springs.org.nz/samplesite/463,200,22926,ok
2026-05-27T05:40:57.698663+00:00,464,https://1000springs.org.nz/samplesite/464,200,23034,ok
2026-05-27T05:41:03.191960+00:00,465,https://1000springs.org.nz/samplesite/465,200,22939,ok
2026-05-27T05:41:08.349078+00:00,466,https://1000springs.org.nz/samplesite/466,200,22962,ok
2026-05-27T05:41:12.927956+00:00,467,https://1000springs.org.nz/samplesite/467,200,22941,ok
2026-05-27T05:41:16.080861+00:00,468,https://1000springs.org.nz/samplesite/468,200,22882,ok
2026-05-27T05:41:20.583069+00:00,469,https://1000springs.org.nz/samplesite/469,200,22964,ok
2026-05-27T05:41:24.255070+00:00,470,https://1000springs.org.nz/samplesite/470,200,22996,ok
2026-05-27T05:41:28.511059+00:00,471,https://1000springs.org.nz/samplesite/471,ERROR,0,ConnectionError(MaxRetryError('HTTPSConnectionPool(host=\'1000springs.org.nz\', port=443): Max retries exceeded with url: /samplesite/471 (Caused by NameResolutionError("HTTPSConnection(host=\'1000springs.org.nz\', port=443): Failed to resolve \'1000springs.org.nz\' ([Errno 8] nodename nor servname provided, or not known)"))'))
2026-05-27T05:41:35.369061+00:00,472,https://1000springs.org.nz/samplesite/472,200,23024,ok
2026-05-27T05:41:40.701702+00:00,473,https://1000springs.org.nz/samplesite/473,200,22908,ok
2026-05-27T05:41:43.707665+00:00,474,https://1000springs.org.nz/samplesite/474,200,22970,ok
2026-05-27T05:41:49.375809+00:00,475,https://1000springs.org.nz/samplesite/475,200,22965,ok
2026-05-27T05:41:55.127799+00:00,476,https://1000springs.org.nz/samplesite/476,200,23072,ok
2026-05-27T05:42:00.003262+00:00,477,https://1000springs.org.nz/samplesite/477,200,22964,ok
2026-05-27T05:42:05.726124+00:00,478,https://1000springs.org.nz/samplesite/478,200,23018,ok
2026-05-27T05:42:10.446122+00:00,479,https://1000springs.org.nz/samplesite/479,200,22992,ok
2026-05-27T05:42:13.864365+00:00,480,https://1000springs.org.nz/samplesite/480,200,23067,ok
2026-05-27T05:42:20.399134+00:00,481,https://1000springs.org.nz/samplesite/481,200,23053,ok
2026-05-27T05:42:24.887892+00:00,482,https://1000springs.org.nz/samplesite/482,200,22983,ok
2026-05-27T05:42:30.416857+00:00,483,https://1000springs.org.nz/samplesite/483,200,23021,ok
2026-05-27T05:42:34.230004+00:00,484,https://1000springs.org.nz/samplesite/484,200,23132,ok
2026-05-27T05:42:38.559254+00:00,485,https://1000springs.org.nz/samplesite/485,200,23001,ok
2026-05-27T05:42:44.551625+00:00,486,https://1000springs.org.nz/samplesite/486,200,23002,ok
2026-05-27T05:42:50.691008+00:00,487,https://1000springs.org.nz/samplesite/487,200,23189,ok
2026-05-27T05:42:55.769338+00:00,488,https://1000springs.org.nz/samplesite/488,200,23149,ok
2026-05-27T05:43:01.323768+00:00,489,https://1000springs.org.nz/samplesite/489,200,23140,ok
2026-05-27T05:43:06.633769+00:00,490,https://1000springs.org.nz/samplesite/490,200,23141,ok
2026-05-27T05:43:12.806976+00:00,491,https://1000springs.org.nz/samplesite/491,200,23074,ok
2026-05-27T05:43:17.726275+00:00,492,https://1000springs.org.nz/samplesite/492,200,23091,ok
2026-05-27T05:43:23.562447+00:00,493,https://1000springs.org.nz/samplesite/493,200,23053,ok
2026-05-27T05:43:27.326903+00:00,494,https://1000springs.org.nz/samplesite/494,200,23046,ok
2026-05-27T05:43:32.066523+00:00,495,https://1000springs.org.nz/samplesite/495,200,22920,ok
2026-05-27T05:43:38.859638+00:00,496,https://1000springs.org.nz/samplesite/496,200,22945,ok
2026-05-27T06:35:45.027414+00:00,497,https://1000springs.org.nz/samplesite/497,ERROR,0,ConnectionError(MaxRetryError('HTTPSConnectionPool(host=\'1000springs.org.nz\', port=443): Max retries exceeded with url: /samplesite/497 (Caused by NameResolutionError("HTTPSConnection(host=\'1000springs.org.nz\', port=443): Failed to resolve \'1000springs.org.nz\' ([Errno 8] nodename nor servname provided, or not known)"))'))
2026-05-27T06:35:51.025987+00:00,498,https://1000springs.org.nz/samplesite/498,ERROR,0,ConnectionError(MaxRetryError('HTTPSConnectionPool(host=\'1000springs.org.nz\', port=443): Max retries exceeded with url: /samplesite/498 (Caused by NameResolutionError("HTTPSConnection(host=\'1000springs.org.nz\', port=443): Failed to resolve \'1000springs.org.nz\' ([Errno 8] nodename nor servname provided, or not known)"))'))
2026-05-27T06:35:59.181997+00:00,499,https://1000springs.org.nz/samplesite/499,200,23115,ok
2026-05-27T06:36:02.593401+00:00,500,https://1000springs.org.nz/samplesite/500,200,22969,ok
2026-05-27T06:36:09.504337+00:00,501,https://1000springs.org.nz/samplesite/501,200,23022,ok
2026-05-27T06:36:15.501027+00:00,502,https://1000springs.org.nz/samplesite/502,200,22959,ok
2026-05-27T06:36:22.103616+00:00,503,https://1000springs.org.nz/samplesite/503,200,22943,ok
2026-05-27T06:36:26.869854+00:00,504,https://1000springs.org.nz/samplesite/504,200,22969,ok
2026-05-27T06:36:30.751075+00:00,505,https://1000springs.org.nz/samplesite/505,200,22874,ok
2026-05-27T06:36:35.806927+00:00,506,https://1000springs.org.nz/samplesite/506,200,23020,ok
2026-05-27T06:39:31.264015+00:00,507,https://1000springs.org.nz/samplesite/507,200,22973,ok
2026-05-27T06:39:36.130361+00:00,508,https://1000springs.org.nz/samplesite/508,200,22884,ok
2026-05-27T06:39:40.588041+00:00,509,https://1000springs.org.nz/samplesite/509,200,22928,ok
2026-05-27T06:39:43.742608+00:00,510,https://1000springs.org.nz/samplesite/510,200,22938,ok
2026-05-27T06:39:50.598008+00:00,511,https://1000springs.org.nz/samplesite/511,200,23013,ok
2026-05-27T06:39:57.724379+00:00,512,https://1000springs.org.nz/samplesite/512,200,23067,ok
2026-05-27T06:40:03.022117+00:00,513,https://1000springs.org.nz/samplesite/513,200,22986,ok
2026-05-27T06:40:09.308828+00:00,514,https://1000springs.org.nz/samplesite/514,200,22959,ok
2026-05-27T06:40:15.055329+00:00,515,https://1000springs.org.nz/samplesite/515,200,22956,ok
2026-05-27T06:40:20.177267+00:00,516,https://1000springs.org.nz/samplesite/516,200,22985,ok
2026-05-27T06:40:23.687711+00:00,517,https://1000springs.org.nz/samplesite/517,200,23019,ok
2026-05-27T06:40:28.630826+00:00,518,https://1000springs.org.nz/samplesite/518,200,23033,ok
2026-05-27T06:40:35.172907+00:00,519,https://1000springs.org.nz/samplesite/519,200,22986,ok
2026-05-27T06:40:39.046339+00:00,520,https://1000springs.org.nz/samplesite/520,200,22959,ok
2026-05-27T06:41:04.791309+00:00,471,https://1000springs.org.nz/samplesite/471,200,22870,ok
2026-05-27T06:41:06.995553+00:00,497,https://1000springs.org.nz/samplesite/497,200,22936,ok
2026-05-27T06:41:09.625188+00:00,498,https://1000springs.org.nz/samplesite/498,200,22930,ok
2026-05-27T06:41:12.633470+00:00,521,https://1000springs.org.nz/samplesite/521,200,22979,ok
2026-05-27T06:41:14.880391+00:00,522,https://1000springs.org.nz/samplesite/522,200,22920,ok
2026-05-27T06:41:17.852384+00:00,523,https://1000springs.org.nz/samplesite/523,200,22920,ok
2026-05-27T06:41:20.656802+00:00,524,https://1000springs.org.nz/samplesite/524,200,23033,ok
2026-05-27T06:41:22.770841+00:00,525,https://1000springs.org.nz/samplesite/525,200,22938,ok
2026-05-27T06:41:24.826447+00:00,526,https://1000springs.org.nz/samplesite/526,200,23091,ok
2026-05-27T06:41:27.453817+00:00,527,https://1000springs.org.nz/samplesite/527,200,22893,ok
2026-05-27T06:41:29.144124+00:00,528,https://1000springs.org.nz/samplesite/528,200,22923,ok
2026-05-27T06:41:32.018910+00:00,529,https://1000springs.org.nz/samplesite/529,200,23004,ok
2026-05-27T06:41:34.780784+00:00,530,https://1000springs.org.nz/samplesite/530,200,23070,ok
2026-05-27T06:41:36.384551+00:00,531,https://1000springs.org.nz/samplesite/531,200,23045,ok
2026-05-27T06:41:38.508405+00:00,532,https://1000springs.org.nz/samplesite/532,200,22924,ok
2026-05-27T06:41:40.748586+00:00,533,https://1000springs.org.nz/samplesite/533,200,23019,ok
2026-05-27T06:41:42.974970+00:00,534,https://1000springs.org.nz/samplesite/534,200,22852,ok
2026-05-27T06:41:45.798345+00:00,535,https://1000springs.org.nz/samplesite/535,200,22953,ok
2026-05-27T06:41:48.134674+00:00,536,https://1000springs.org.nz/samplesite/536,200,23061,ok
2026-05-27T06:41:50.741403+00:00,537,https://1000springs.org.nz/samplesite/537,200,22945,ok
2026-05-27T06:41:53.455808+00:00,538,https://1000springs.org.nz/samplesite/538,200,22961,ok
2026-05-27T06:41:55.825103+00:00,539,https://1000springs.org.nz/samplesite/539,200,22900,ok
2026-05-27T06:41:58.178098+00:00,540,https://1000springs.org.nz/samplesite/540,200,22942,ok
2026-05-27T06:42:01.078973+00:00,541,https://1000springs.org.nz/samplesite/541,200,22995,ok
2026-05-27T06:42:04.242245+00:00,542,https://1000springs.org.nz/samplesite/542,200,23097,ok
2026-05-27T06:42:06.407402+00:00,543,https://1000springs.org.nz/samplesite/543,200,22972,ok
2026-05-27T06:42:09.086622+00:00,544,https://1000springs.org.nz/samplesite/544,200,23026,ok
2026-05-27T06:42:11.718777+00:00,545,https://1000springs.org.nz/samplesite/545,200,22933,ok
2026-05-27T06:42:14.393759+00:00,546,https://1000springs.org.nz/samplesite/546,200,22988,ok
2026-05-27T06:42:17.255451+00:00,547,https://1000springs.org.nz/samplesite/547,200,22941,ok
2026-05-27T06:42:19.736784+00:00,548,https://1000springs.org.nz/samplesite/548,200,23118,ok
2026-05-27T06:42:22.291878+00:00,549,https://1000springs.org.nz/samplesite/549,200,23020,ok
2026-05-27T06:42:25.178472+00:00,550,https://1000springs.org.nz/samplesite/550,200,22936,ok
2026-05-27T06:42:28.511097+00:00,551,https://1000springs.org.nz/samplesite/551,200,22998,ok
2026-05-27T06:42:31.445378+00:00,552,https://1000springs.org.nz/samplesite/552,200,22961,ok
2026-05-27T06:42:33.565266+00:00,553,https://1000springs.org.nz/samplesite/553,200,23026,ok
2026-05-27T06:42:35.314599+00:00,554,https://1000springs.org.nz/samplesite/554,200,23017,ok
2026-05-27T06:42:38.105848+00:00,555,https://1000springs.org.nz/samplesite/555,200,22997,ok
2026-05-27T06:42:39.869274+00:00,556,https://1000springs.org.nz/samplesite/556,200,22949,ok
2026-05-27T06:42:42.942928+00:00,557,https://1000springs.org.nz/samplesite/557,200,22908,ok
2026-05-27T06:42:45.661486+00:00,558,https://1000springs.org.nz/samplesite/558,200,23001,ok
2026-05-27T06:42:48.783446+00:00,559,https://1000springs.org.nz/samplesite/559,200,22938,ok
2026-05-27T06:42:50.287793+00:00,560,https://1000springs.org.nz/samplesite/560,200,22985,ok
2026-05-27T06:42:52.775822+00:00,561,https://1000springs.org.nz/samplesite/561,200,22980,ok
2026-05-27T06:42:55.876745+00:00,562,https://1000springs.org.nz/samplesite/562,200,23024,ok
2026-05-27T06:42:58.473093+00:00,563,https://1000springs.org.nz/samplesite/563,200,23016,ok
2026-05-27T06:43:01.346503+00:00,564,https://1000springs.org.nz/samplesite/564,200,22966,ok
2026-05-27T06:43:03.917586+00:00,566,https://1000springs.org.nz/samplesite/566,200,23149,ok
2026-05-27T06:43:06.292281+00:00,567,https://1000springs.org.nz/samplesite/567,200,23296,ok
2026-05-27T06:43:09.157981+00:00,568,https://1000springs.org.nz/samplesite/568,200,23167,ok
2026-05-27T06:43:11.822982+00:00,569,https://1000springs.org.nz/samplesite/569,200,23036,ok
2026-05-27T06:43:14.482569+00:00,570,https://1000springs.org.nz/samplesite/570,200,23251,ok
2026-05-27T06:43:17.111551+00:00,571,https://1000springs.org.nz/samplesite/571,200,23277,ok
2026-05-27T06:43:19.813492+00:00,583,https://1000springs.org.nz/samplesite/583,200,23126,ok
2026-05-27T06:43:22.404548+00:00,584,https://1000springs.org.nz/samplesite/584,200,22983,ok
2026-05-27T06:43:23.970666+00:00,585,https://1000springs.org.nz/samplesite/585,200,22890,ok
2026-05-27T06:43:26.493787+00:00,586,https://1000springs.org.nz/samplesite/586,200,23085,ok
2026-05-27T06:43:29.511586+00:00,587,https://1000springs.org.nz/samplesite/587,200,22935,ok
2026-05-27T06:43:32.432950+00:00,588,https://1000springs.org.nz/samplesite/588,200,22893,ok
2026-05-27T06:43:35.115771+00:00,589,https://1000springs.org.nz/samplesite/589,200,22894,ok
2026-05-27T06:43:38.251636+00:00,590,https://1000springs.org.nz/samplesite/590,200,22906,ok
2026-05-27T06:43:40.899566+00:00,591,https://1000springs.org.nz/samplesite/591,200,22852,ok
2026-05-27T06:43:43.128037+00:00,592,https://1000springs.org.nz/samplesite/592,200,22887,ok
2026-05-27T06:43:45.717366+00:00,593,https://1000springs.org.nz/samplesite/593,200,22903,ok
2026-05-27T06:43:47.951162+00:00,594,https://1000springs.org.nz/samplesite/594,200,22949,ok
2026-05-27T06:43:50.422802+00:00,595,https://1000springs.org.nz/samplesite/595,200,22854,ok
2026-05-27T06:43:52.728981+00:00,596,https://1000springs.org.nz/samplesite/596,200,22931,ok
2026-05-27T06:43:54.772600+00:00,597,https://1000springs.org.nz/samplesite/597,200,22889,ok
2026-05-27T06:43:57.917314+00:00,598,https://1000springs.org.nz/samplesite/598,200,22849,ok
2026-05-27T06:44:00.163141+00:00,599,https://1000springs.org.nz/samplesite/599,200,22916,ok
2026-05-27T06:44:02.716425+00:00,600,https://1000springs.org.nz/samplesite/600,200,22834,ok
2026-05-27T06:44:05.517306+00:00,601,https://1000springs.org.nz/samplesite/601,200,22919,ok
2026-05-27T06:44:08.090012+00:00,602,https://1000springs.org.nz/samplesite/602,200,23012,ok
2026-05-27T06:44:10.499086+00:00,603,https://1000springs.org.nz/samplesite/603,200,22873,ok
2026-05-27T06:44:12.627578+00:00,604,https://1000springs.org.nz/samplesite/604,200,22989,ok
2026-05-27T06:44:15.056652+00:00,605,https://1000springs.org.nz/samplesite/605,200,22996,ok
2026-05-27T06:44:17.861808+00:00,606,https://1000springs.org.nz/samplesite/606,200,22883,ok
2026-05-27T06:44:20.546460+00:00,607,https://1000springs.org.nz/samplesite/607,200,22825,ok
2026-05-27T06:44:22.173085+00:00,608,https://1000springs.org.nz/samplesite/608,200,22848,ok
2026-05-27T06:44:23.908694+00:00,609,https://1000springs.org.nz/samplesite/609,200,22952,ok
2026-05-27T06:44:25.755762+00:00,610,https://1000springs.org.nz/samplesite/610,200,22840,ok
2026-05-27T06:44:27.888705+00:00,611,https://1000springs.org.nz/samplesite/611,200,22916,ok
2026-05-27T06:44:30.949146+00:00,612,https://1000springs.org.nz/samplesite/612,200,23009,ok
2026-05-27T06:44:33.581486+00:00,613,https://1000springs.org.nz/samplesite/613,200,22983,ok
2026-05-27T06:44:35.827181+00:00,614,https://1000springs.org.nz/samplesite/614,200,22979,ok
2026-05-27T06:44:38.861817+00:00,615,https://1000springs.org.nz/samplesite/615,200,22924,ok
2026-05-27T06:44:41.010182+00:00,616,https://1000springs.org.nz/samplesite/616,200,22997,ok
2026-05-27T06:44:43.739113+00:00,617,https://1000springs.org.nz/samplesite/617,200,23000,ok
2026-05-27T06:44:46.695302+00:00,618,https://1000springs.org.nz/samplesite/618,200,23009,ok
2026-05-27T06:44:49.623998+00:00,619,https://1000springs.org.nz/samplesite/619,200,22861,ok
2026-05-27T06:44:51.612775+00:00,620,https://1000springs.org.nz/samplesite/620,200,22911,ok
2026-05-27T06:44:54.057236+00:00,621,https://1000springs.org.nz/samplesite/621,200,22923,ok
2026-05-27T06:44:56.492165+00:00,630,https://1000springs.org.nz/samplesite/630,200,23050,ok
2026-05-27T06:44:59.298950+00:00,631,https://1000springs.org.nz/samplesite/631,200,22987,ok
2026-05-27T06:45:01.593039+00:00,632,https://1000springs.org.nz/samplesite/632,200,23104,ok
2026-05-27T06:45:04.777425+00:00,633,https://1000springs.org.nz/samplesite/633,200,22968,ok
2026-05-27T06:45:07.402733+00:00,634,https://1000springs.org.nz/samplesite/634,200,22940,ok
2026-05-27T06:45:09.792370+00:00,635,https://1000springs.org.nz/samplesite/635,200,22912,ok
2026-05-27T06:45:12.040799+00:00,636,https://1000springs.org.nz/samplesite/636,200,22876,ok
2026-05-27T06:45:14.295608+00:00,637,https://1000springs.org.nz/samplesite/637,200,23012,ok
2026-05-27T06:45:17.296359+00:00,638,https://1000springs.org.nz/samplesite/638,200,22993,ok
2026-05-27T06:45:19.925710+00:00,639,https://1000springs.org.nz/samplesite/639,200,22985,ok
2026-05-27T06:45:22.851826+00:00,640,https://1000springs.org.nz/samplesite/640,200,22924,ok
2026-05-27T06:45:25.248988+00:00,641,https://1000springs.org.nz/samplesite/641,200,22913,ok
2026-05-27T06:45:27.573043+00:00,642,https://1000springs.org.nz/samplesite/642,200,22919,ok
2026-05-27T06:45:30.424504+00:00,643,https://1000springs.org.nz/samplesite/643,200,22966,ok
2026-05-27T06:45:32.826687+00:00,644,https://1000springs.org.nz/samplesite/644,200,22931,ok
2026-05-27T06:45:35.156602+00:00,645,https://1000springs.org.nz/samplesite/645,200,22985,ok
2026-05-27T06:45:37.916390+00:00,646,https://1000springs.org.nz/samplesite/646,200,23006,ok
2026-05-27T06:45:40.280563+00:00,647,https://1000springs.org.nz/samplesite/647,200,23113,ok
2026-05-27T06:45:42.124748+00:00,648,https://1000springs.org.nz/samplesite/648,200,22921,ok
2026-05-27T06:45:44.608426+00:00,649,https://1000springs.org.nz/samplesite/649,200,23023,ok
2026-05-27T06:45:47.180982+00:00,650,https://1000springs.org.nz/samplesite/650,200,23027,ok
2026-05-27T06:45:49.598526+00:00,651,https://1000springs.org.nz/samplesite/651,200,23025,ok
2026-05-27T06:45:52.283982+00:00,652,https://1000springs.org.nz/samplesite/652,200,23051,ok
2026-05-27T06:45:55.531063+00:00,653,https://1000springs.org.nz/samplesite/653,200,23020,ok
2026-05-27T06:45:58.324968+00:00,654,https://1000springs.org.nz/samplesite/654,200,23046,ok
2026-05-27T06:46:00.159519+00:00,655,https://1000springs.org.nz/samplesite/655,200,23025,ok
2026-05-27T06:46:01.836370+00:00,656,https://1000springs.org.nz/samplesite/656,200,22928,ok
2026-05-27T06:46:04.359785+00:00,657,https://1000springs.org.nz/samplesite/657,200,22964,ok
2026-05-27T06:46:05.965665+00:00,658,https://1000springs.org.nz/samplesite/658,200,22908,ok
2026-05-27T06:46:08.508893+00:00,659,https://1000springs.org.nz/samplesite/659,200,22874,ok
2026-05-27T06:46:11.118519+00:00,660,https://1000springs.org.nz/samplesite/660,200,22945,ok
2026-05-27T06:46:13.740999+00:00,661,https://1000springs.org.nz/samplesite/661,200,22983,ok
2026-05-27T06:46:15.806976+00:00,662,https://1000springs.org.nz/samplesite/662,200,22955,ok
2026-05-27T06:46:18.431623+00:00,663,https://1000springs.org.nz/samplesite/663,200,22889,ok
2026-05-27T06:46:20.851553+00:00,664,https://1000springs.org.nz/samplesite/664,200,22933,ok
2026-05-27T06:46:23.309812+00:00,665,https://1000springs.org.nz/samplesite/665,200,22887,ok
2026-05-27T06:46:25.601202+00:00,666,https://1000springs.org.nz/samplesite/666,200,22948,ok
2026-05-27T06:46:27.541973+00:00,667,https://1000springs.org.nz/samplesite/667,200,22965,ok
2026-05-27T06:46:30.030449+00:00,668,https://1000springs.org.nz/samplesite/668,200,23013,ok
2026-05-27T06:46:32.627255+00:00,669,https://1000springs.org.nz/samplesite/669,200,22975,ok
2026-05-27T06:46:34.826145+00:00,670,https://1000springs.org.nz/samplesite/670,200,22992,ok
2026-05-27T06:46:36.962512+00:00,671,https://1000springs.org.nz/samplesite/671,200,23034,ok
2026-05-27T06:46:39.731296+00:00,672,https://1000springs.org.nz/samplesite/672,200,22987,ok
2026-05-27T06:46:42.149823+00:00,673,https://1000springs.org.nz/samplesite/673,200,22971,ok
2026-05-27T06:46:44.960597+00:00,674,https://1000springs.org.nz/samplesite/674,200,22883,ok
2026-05-27T06:46:47.641777+00:00,675,https://1000springs.org.nz/samplesite/675,200,22880,ok
2026-05-27T06:46:49.701212+00:00,676,https://1000springs.org.nz/samplesite/676,200,23018,ok
2026-05-27T06:46:52.289883+00:00,677,https://1000springs.org.nz/samplesite/677,200,22992,ok
2026-05-27T06:46:54.132266+00:00,678,https://1000springs.org.nz/samplesite/678,200,23107,ok
2026-05-27T06:46:57.061227+00:00,679,https://1000springs.org.nz/samplesite/679,200,23161,ok
2026-05-27T06:46:59.487275+00:00,680,https://1000springs.org.nz/samplesite/680,200,23032,ok
2026-05-27T06:47:01.458668+00:00,681,https://1000springs.org.nz/samplesite/681,200,23089,ok
2026-05-27T06:47:04.565168+00:00,682,https://1000springs.org.nz/samplesite/682,200,23011,ok
2026-05-27T06:47:06.248249+00:00,683,https://1000springs.org.nz/samplesite/683,200,23057,ok
2026-05-27T06:47:07.839522+00:00,684,https://1000springs.org.nz/samplesite/684,200,23104,ok
2026-05-27T06:47:10.622988+00:00,685,https://1000springs.org.nz/samplesite/685,200,23161,ok
2026-05-27T06:47:13.176807+00:00,686,https://1000springs.org.nz/samplesite/686,200,23109,ok
2026-05-27T06:47:14.727427+00:00,687,https://1000springs.org.nz/samplesite/687,200,23137,ok
2026-05-27T06:47:16.416639+00:00,688,https://1000springs.org.nz/samplesite/688,200,23087,ok
2026-05-27T06:47:19.530559+00:00,689,https://1000springs.org.nz/samplesite/689,200,23168,ok
2026-05-27T06:47:22.088681+00:00,690,https://1000springs.org.nz/samplesite/690,200,23165,ok
2026-05-27T06:47:23.741967+00:00,691,https://1000springs.org.nz/samplesite/691,200,22987,ok
2026-05-27T06:47:26.315982+00:00,692,https://1000springs.org.nz/samplesite/692,200,23119,ok
2026-05-27T06:47:29.258880+00:00,693,https://1000springs.org.nz/samplesite/693,200,23095,ok
2026-05-27T06:47:31.618760+00:00,694,https://1000springs.org.nz/samplesite/694,200,23109,ok
2026-05-27T06:47:33.924860+00:00,695,https://1000springs.org.nz/samplesite/695,200,23088,ok
2026-05-27T06:47:36.622683+00:00,696,https://1000springs.org.nz/samplesite/696,200,22961,ok
2026-05-27T06:47:39.187986+00:00,697,https://1000springs.org.nz/samplesite/697,200,23017,ok
2026-05-27T06:47:41.398099+00:00,698,https://1000springs.org.nz/samplesite/698,200,23006,ok
2026-05-27T06:47:43.002192+00:00,699,https://1000springs.org.nz/samplesite/699,200,22998,ok
2026-05-27T06:47:45.065189+00:00,705,https://1000springs.org.nz/samplesite/705,200,23004,ok
2026-05-27T06:47:47.866426+00:00,706,https://1000springs.org.nz/samplesite/706,200,22989,ok
2026-05-27T06:47:49.735071+00:00,707,https://1000springs.org.nz/samplesite/707,200,23001,ok
2026-05-27T06:47:52.276718+00:00,708,https://1000springs.org.nz/samplesite/708,200,23087,ok
2026-05-27T06:47:55.611818+00:00,709,https://1000springs.org.nz/samplesite/709,200,23064,ok
2026-05-27T06:47:58.437327+00:00,710,https://1000springs.org.nz/samplesite/710,200,23169,ok
2026-05-27T06:48:01.433265+00:00,711,https://1000springs.org.nz/samplesite/711,200,23108,ok
2026-05-27T06:48:04.530504+00:00,712,https://1000springs.org.nz/samplesite/712,200,22993,ok
2026-05-27T06:48:07.479801+00:00,713,https://1000springs.org.nz/samplesite/713,200,23055,ok
2026-05-27T06:48:09.196758+00:00,714,https://1000springs.org.nz/samplesite/714,200,22905,ok
2026-05-27T06:48:11.673213+00:00,715,https://1000springs.org.nz/samplesite/715,200,22992,ok
2026-05-27T06:48:14.113999+00:00,716,https://1000springs.org.nz/samplesite/716,200,22932,ok
2026-05-27T06:48:15.869113+00:00,717,https://1000springs.org.nz/samplesite/717,200,23008,ok
2026-05-27T06:48:17.968876+00:00,718,https://1000springs.org.nz/samplesite/718,200,23013,ok
2026-05-27T06:48:20.670633+00:00,719,https://1000springs.org.nz/samplesite/719,200,22917,ok
2026-05-27T06:48:22.747973+00:00,720,https://1000springs.org.nz/samplesite/720,200,22879,ok
2026-05-27T06:48:24.345583+00:00,721,https://1000springs.org.nz/samplesite/721,200,22932,ok
2026-05-27T06:48:27.138782+00:00,722,https://1000springs.org.nz/samplesite/722,200,22874,ok
2026-05-27T06:48:29.060502+00:00,723,https://1000springs.org.nz/samplesite/723,200,23120,ok
2026-05-27T06:48:30.866612+00:00,724,https://1000springs.org.nz/samplesite/724,200,23150,ok
2026-05-27T06:48:33.171715+00:00,725,https://1000springs.org.nz/samplesite/725,200,22985,ok
2026-05-27T06:48:36.140942+00:00,726,https://1000springs.org.nz/samplesite/726,200,23133,ok
2026-05-27T06:48:38.490328+00:00,727,https://1000springs.org.nz/samplesite/727,200,23080,ok
2026-05-27T06:48:41.036571+00:00,728,https://1000springs.org.nz/samplesite/728,200,23018,ok
2026-05-27T06:48:43.216581+00:00,729,https://1000springs.org.nz/samplesite/729,200,23118,ok
2026-05-27T06:48:45.555970+00:00,740,https://1000springs.org.nz/samplesite/740,200,22961,ok
2026-05-27T06:48:47.346024+00:00,741,https://1000springs.org.nz/samplesite/741,200,23037,ok
2026-05-27T06:48:49.999922+00:00,742,https://1000springs.org.nz/samplesite/742,200,23116,ok
2026-05-27T06:48:51.701252+00:00,743,https://1000springs.org.nz/samplesite/743,200,22924,ok
2026-05-27T06:48:54.496628+00:00,744,https://1000springs.org.nz/samplesite/744,200,22934,ok
2026-05-27T06:48:56.300584+00:00,745,https://1000springs.org.nz/samplesite/745,200,22958,ok
2026-05-27T06:48:58.751679+00:00,746,https://1000springs.org.nz/samplesite/746,200,22898,ok
2026-05-27T06:49:01.529495+00:00,747,https://1000springs.org.nz/samplesite/747,200,23040,ok
2026-05-27T06:49:03.639865+00:00,748,https://1000springs.org.nz/samplesite/748,200,23079,ok
2026-05-27T06:49:06.387766+00:00,749,https://1000springs.org.nz/samplesite/749,200,22942,ok
2026-05-27T06:49:08.485201+00:00,750,https://1000springs.org.nz/samplesite/750,200,23050,ok
2026-05-27T06:49:11.596994+00:00,751,https://1000springs.org.nz/samplesite/751,200,22977,ok
2026-05-27T06:49:13.681645+00:00,752,https://1000springs.org.nz/samplesite/752,200,22953,ok
2026-05-27T06:49:15.991412+00:00,753,https://1000springs.org.nz/samplesite/753,200,22947,ok
2026-05-27T06:49:18.359948+00:00,754,https://1000springs.org.nz/samplesite/754,200,22983,ok
2026-05-27T06:49:20.153426+00:00,755,https://1000springs.org.nz/samplesite/755,200,23017,ok
2026-05-27T06:49:22.977547+00:00,756,https://1000springs.org.nz/samplesite/756,200,23059,ok
2026-05-27T06:49:25.073377+00:00,757,https://1000springs.org.nz/samplesite/757,200,22996,ok
2026-05-27T06:49:27.173094+00:00,758,https://1000springs.org.nz/samplesite/758,200,23089,ok
2026-05-27T06:49:28.746787+00:00,759,https://1000springs.org.nz/samplesite/759,200,22984,ok
2026-05-27T06:49:30.617689+00:00,760,https://1000springs.org.nz/samplesite/760,200,23004,ok
2026-05-27T06:49:33.515037+00:00,761,https://1000springs.org.nz/samplesite/761,200,22958,ok
2026-05-27T06:49:36.265979+00:00,762,https://1000springs.org.nz/samplesite/762,200,23077,ok
2026-05-27T06:49:39.303564+00:00,763,https://1000springs.org.nz/samplesite/763,200,23001,ok
2026-05-27T06:49:41.852168+00:00,764,https://1000springs.org.nz/samplesite/764,200,23008,ok
2026-05-27T06:49:44.857438+00:00,765,https://1000springs.org.nz/samplesite/765,200,22924,ok
2026-05-27T06:49:46.709145+00:00,766,https://1000springs.org.nz/samplesite/766,200,23015,ok
2026-05-27T06:49:49.286455+00:00,767,https://1000springs.org.nz/samplesite/767,200,23048,ok
2026-05-27T06:49:51.653081+00:00,768,https://1000springs.org.nz/samplesite/768,200,22964,ok
2026-05-27T06:49:53.947179+00:00,769,https://1000springs.org.nz/samplesite/769,200,22935,ok
2026-05-27T06:49:56.609139+00:00,770,https://1000springs.org.nz/samplesite/770,200,23010,ok
2026-05-27T06:49:59.517672+00:00,771,https://1000springs.org.nz/samplesite/771,200,22956,ok
2026-05-27T06:50:01.833238+00:00,772,https://1000springs.org.nz/samplesite/772,200,22942,ok
2026-05-27T06:50:04.441943+00:00,773,https://1000springs.org.nz/samplesite/773,200,22957,ok
2026-05-27T06:50:06.834583+00:00,774,https://1000springs.org.nz/samplesite/774,200,22938,ok
2026-05-27T06:50:09.898886+00:00,775,https://1000springs.org.nz/samplesite/775,200,23035,ok
2026-05-27T06:50:12.295771+00:00,776,https://1000springs.org.nz/samplesite/776,200,23026,ok
2026-05-27T06:50:14.660947+00:00,777,https://1000springs.org.nz/samplesite/777,200,23105,ok
2026-05-27T06:50:17.371657+00:00,778,https://1000springs.org.nz/samplesite/778,200,23108,ok
2026-05-27T06:50:20.120785+00:00,779,https://1000springs.org.nz/samplesite/779,200,23023,ok
2026-05-27T06:50:22.225319+00:00,780,https://1000springs.org.nz/samplesite/780,200,22892,ok
2026-05-27T06:50:24.578908+00:00,781,https://1000springs.org.nz/samplesite/781,200,22966,ok
2026-05-27T06:50:27.020417+00:00,789,https://1000springs.org.nz/samplesite/789,200,23074,ok
2026-05-27T06:50:28.640618+00:00,790,https://1000springs.org.nz/samplesite/790,200,23057,ok
2026-05-27T06:50:31.465399+00:00,791,https://1000springs.org.nz/samplesite/791,200,23084,ok
2026-05-27T06:50:33.060515+00:00,792,https://1000springs.org.nz/samplesite/792,200,23006,ok
2026-05-27T06:50:35.848388+00:00,793,https://1000springs.org.nz/samplesite/793,200,22974,ok
2026-05-27T06:50:38.166455+00:00,794,https://1000springs.org.nz/samplesite/794,200,23079,ok
2026-05-27T06:50:41.113582+00:00,795,https://1000springs.org.nz/samplesite/795,200,23010,ok
2026-05-27T06:50:42.975164+00:00,796,https://1000springs.org.nz/samplesite/796,200,22976,ok
2026-05-27T06:50:44.768461+00:00,797,https://1000springs.org.nz/samplesite/797,200,22905,ok
2026-05-27T06:50:47.426266+00:00,798,https://1000springs.org.nz/samplesite/798,200,22943,ok
2026-05-27T06:50:49.008463+00:00,799,https://1000springs.org.nz/samplesite/799,200,22942,ok
2026-05-27T06:50:51.435866+00:00,800,https://1000springs.org.nz/samplesite/800,200,23020,ok
2026-05-27T06:50:53.748850+00:00,801,https://1000springs.org.nz/samplesite/801,200,23008,ok
2026-05-27T06:50:56.536618+00:00,802,https://1000springs.org.nz/samplesite/802,200,23042,ok
2026-05-27T06:50:58.662982+00:00,803,https://1000springs.org.nz/samplesite/803,200,22947,ok
2026-05-27T06:51:00.507495+00:00,804,https://1000springs.org.nz/samplesite/804,200,23061,ok
2026-05-27T06:51:03.169450+00:00,805,https://1000springs.org.nz/samplesite/805,200,23215,ok
2026-05-27T06:51:04.751842+00:00,806,https://1000springs.org.nz/samplesite/806,200,23018,ok
2026-05-27T06:51:07.397390+00:00,807,https://1000springs.org.nz/samplesite/807,200,23035,ok
2026-05-27T06:51:09.719309+00:00,808,https://1000springs.org.nz/samplesite/808,200,23105,ok
2026-05-27T06:51:11.408906+00:00,809,https://1000springs.org.nz/samplesite/809,200,23092,ok
2026-05-27T06:51:13.612379+00:00,810,https://1000springs.org.nz/samplesite/810,200,23084,ok
2026-05-27T06:51:15.968462+00:00,811,https://1000springs.org.nz/samplesite/811,200,23106,ok
2026-05-27T06:51:18.528849+00:00,812,https://1000springs.org.nz/samplesite/812,200,23036,ok
2026-05-27T06:51:21.194974+00:00,813,https://1000springs.org.nz/samplesite/813,200,23066,ok
2026-05-27T06:51:23.239028+00:00,814,https://1000springs.org.nz/samplesite/814,200,22977,ok
2026-05-27T06:51:25.477935+00:00,815,https://1000springs.org.nz/samplesite/815,200,22905,ok
2026-05-27T06:51:27.853210+00:00,816,https://1000springs.org.nz/samplesite/816,200,23020,ok
2026-05-27T06:51:30.503261+00:00,817,https://1000springs.org.nz/samplesite/817,200,23148,ok
2026-05-27T06:51:33.002213+00:00,818,https://1000springs.org.nz/samplesite/818,200,23093,ok
2026-05-27T06:51:35.224538+00:00,819,https://1000springs.org.nz/samplesite/819,200,23096,ok
2026-05-27T06:51:37.257940+00:00,820,https://1000springs.org.nz/samplesite/820,200,22984,ok
2026-05-27T06:51:39.315816+00:00,821,https://1000springs.org.nz/samplesite/821,200,23097,ok
2026-05-27T06:51:41.728849+00:00,822,https://1000springs.org.nz/samplesite/822,200,23076,ok
2026-05-27T06:51:43.512899+00:00,823,https://1000springs.org.nz/samplesite/823,200,23059,ok
2026-05-27T06:51:45.969510+00:00,824,https://1000springs.org.nz/samplesite/824,200,23039,ok
2026-05-27T06:51:48.868664+00:00,825,https://1000springs.org.nz/samplesite/825,200,23005,ok
2026-05-27T06:51:51.030951+00:00,826,https://1000springs.org.nz/samplesite/826,200,22945,ok
2026-05-27T06:51:53.034936+00:00,827,https://1000springs.org.nz/samplesite/827,200,22953,ok
2026-05-27T06:51:55.548107+00:00,828,https://1000springs.org.nz/samplesite/828,200,23031,ok
2026-05-27T06:51:58.259300+00:00,829,https://1000springs.org.nz/samplesite/829,200,22980,ok
2026-05-27T06:52:00.304273+00:00,830,https://1000springs.org.nz/samplesite/830,200,22979,ok
2026-05-27T06:52:02.660892+00:00,831,https://1000springs.org.nz/samplesite/831,200,23098,ok
2026-05-27T06:52:05.046194+00:00,832,https://1000springs.org.nz/samplesite/832,200,23144,ok
2026-05-27T06:52:07.153137+00:00,833,https://1000springs.org.nz/samplesite/833,200,22964,ok
2026-05-27T06:52:08.708326+00:00,834,https://1000springs.org.nz/samplesite/834,200,23114,ok
2026-05-27T06:52:10.655406+00:00,835,https://1000springs.org.nz/samplesite/835,200,23111,ok
2026-05-27T06:52:12.697055+00:00,836,https://1000springs.org.nz/samplesite/836,200,23111,ok
2026-05-27T06:52:15.319861+00:00,837,https://1000springs.org.nz/samplesite/837,200,23031,ok
2026-05-27T06:52:18.099459+00:00,838,https://1000springs.org.nz/samplesite/838,200,23028,ok
2026-05-27T06:52:21.100280+00:00,839,https://1000springs.org.nz/samplesite/839,200,22988,ok
2026-05-27T06:52:22.837479+00:00,840,https://1000springs.org.nz/samplesite/840,200,22966,ok
2026-05-27T06:52:25.433319+00:00,841,https://1000springs.org.nz/samplesite/841,200,23032,ok
2026-05-27T06:52:27.607448+00:00,842,https://1000springs.org.nz/samplesite/842,200,22931,ok
2026-05-27T06:52:30.364661+00:00,843,https://1000springs.org.nz/samplesite/843,200,23095,ok
2026-05-27T06:52:32.560177+00:00,844,https://1000springs.org.nz/samplesite/844,200,23128,ok
2026-05-27T06:52:34.413221+00:00,845,https://1000springs.org.nz/samplesite/845,200,23147,ok
2026-05-27T06:52:37.484363+00:00,846,https://1000springs.org.nz/samplesite/846,200,23015,ok
2026-05-27T06:52:39.453674+00:00,847,https://1000springs.org.nz/samplesite/847,200,23188,ok
2026-05-27T06:52:41.409255+00:00,848,https://1000springs.org.nz/samplesite/848,200,23144,ok
2026-05-27T06:52:43.318334+00:00,849,https://1000springs.org.nz/samplesite/849,200,23117,ok
2026-05-27T06:52:45.060892+00:00,850,https://1000springs.org.nz/samplesite/850,200,23212,ok
2026-05-27T06:52:47.107274+00:00,851,https://1000springs.org.nz/samplesite/851,200,23075,ok
2026-05-27T06:52:49.606429+00:00,852,https://1000springs.org.nz/samplesite/852,200,23125,ok
2026-05-27T06:52:51.724553+00:00,853,https://1000springs.org.nz/samplesite/853,200,22999,ok
2026-05-27T06:52:53.762685+00:00,854,https://1000springs.org.nz/samplesite/854,200,23052,ok
2026-05-27T06:52:55.608941+00:00,855,https://1000springs.org.nz/samplesite/855,200,23039,ok
2026-05-27T06:52:57.436724+00:00,856,https://1000springs.org.nz/samplesite/856,200,23261,ok
2026-05-27T06:52:59.686470+00:00,857,https://1000springs.org.nz/samplesite/857,200,23161,ok
2026-05-27T06:53:01.996804+00:00,858,https://1000springs.org.nz/samplesite/858,200,23182,ok
2026-05-27T06:53:04.788344+00:00,859,https://1000springs.org.nz/samplesite/859,200,23203,ok
2026-05-27T06:53:07.590368+00:00,860,https://1000springs.org.nz/samplesite/860,200,23104,ok
2026-05-27T06:53:09.991867+00:00,861,https://1000springs.org.nz/samplesite/861,200,23078,ok
2026-05-27T06:53:11.678002+00:00,862,https://1000springs.org.nz/samplesite/862,200,23125,ok
2026-05-27T06:53:14.263286+00:00,863,https://1000springs.org.nz/samplesite/863,200,23131,ok
2026-05-27T06:53:16.191716+00:00,864,https://1000springs.org.nz/samplesite/864,200,23139,ok
2026-05-27T06:53:18.953853+00:00,865,https://1000springs.org.nz/samplesite/865,200,23111,ok
2026-05-27T06:53:21.205957+00:00,866,https://1000springs.org.nz/samplesite/866,200,23126,ok
2026-05-27T06:53:23.106801+00:00,867,https://1000springs.org.nz/samplesite/867,200,23074,ok
2026-05-27T06:53:26.118206+00:00,868,https://1000springs.org.nz/samplesite/868,200,23047,ok
2026-05-27T06:53:28.067765+00:00,869,https://1000springs.org.nz/samplesite/869,200,22986,ok
2026-05-27T06:53:30.446365+00:00,870,https://1000springs.org.nz/samplesite/870,200,22973,ok
2026-05-27T06:53:32.881766+00:00,871,https://1000springs.org.nz/samplesite/871,200,23113,ok
2026-05-27T06:53:35.440514+00:00,872,https://1000springs.org.nz/samplesite/872,200,23229,ok
2026-05-27T06:53:37.482845+00:00,873,https://1000springs.org.nz/samplesite/873,200,23068,ok
2026-05-27T06:53:39.432591+00:00,874,https://1000springs.org.nz/samplesite/874,200,23013,ok
2026-05-27T06:53:41.827263+00:00,875,https://1000springs.org.nz/samplesite/875,200,23070,ok
2026-05-27T06:53:44.348540+00:00,876,https://1000springs.org.nz/samplesite/876,200,23029,ok
2026-05-27T06:53:46.529744+00:00,877,https://1000springs.org.nz/samplesite/877,200,23029,ok
2026-05-27T06:53:48.787515+00:00,878,https://1000springs.org.nz/samplesite/878,200,23122,ok
2026-05-27T06:53:50.893316+00:00,879,https://1000springs.org.nz/samplesite/879,200,23006,ok
2026-05-27T06:53:53.052424+00:00,880,https://1000springs.org.nz/samplesite/880,200,23017,ok
2026-05-27T06:53:55.508320+00:00,881,https://1000springs.org.nz/samplesite/881,200,23048,ok
2026-05-27T06:53:57.890350+00:00,882,https://1000springs.org.nz/samplesite/882,200,23130,ok
2026-05-27T06:54:00.423584+00:00,883,https://1000springs.org.nz/samplesite/883,200,22984,ok
2026-05-27T06:54:02.681668+00:00,884,https://1000springs.org.nz/samplesite/884,200,23069,ok
2026-05-27T06:54:04.218306+00:00,885,https://1000springs.org.nz/samplesite/885,200,23019,ok
2026-05-27T06:54:06.978569+00:00,886,https://1000springs.org.nz/samplesite/886,200,22939,ok
2026-05-27T06:54:09.641583+00:00,887,https://1000springs.org.nz/samplesite/887,200,23020,ok
2026-05-27T06:54:11.688657+00:00,888,https://1000springs.org.nz/samplesite/888,200,22899,ok
2026-05-27T06:54:13.326456+00:00,889,https://1000springs.org.nz/samplesite/889,200,23023,ok
2026-05-27T06:54:16.089766+00:00,890,https://1000springs.org.nz/samplesite/890,200,23025,ok
2026-05-27T06:54:18.351824+00:00,891,https://1000springs.org.nz/samplesite/891,200,23125,ok
2026-05-27T06:54:20.493605+00:00,892,https://1000springs.org.nz/samplesite/892,200,23080,ok
2026-05-27T06:54:21.992804+00:00,893,https://1000springs.org.nz/samplesite/893,200,23024,ok
2026-05-27T06:54:23.769871+00:00,894,https://1000springs.org.nz/samplesite/894,200,23086,ok
2026-05-27T06:54:26.552496+00:00,895,https://1000springs.org.nz/samplesite/895,200,23067,ok
2026-05-27T06:54:29.313263+00:00,896,https://1000springs.org.nz/samplesite/896,200,23109,ok
2026-05-27T06:54:32.042167+00:00,897,https://1000springs.org.nz/samplesite/897,200,22971,ok
2026-05-27T06:54:34.236890+00:00,898,https://1000springs.org.nz/samplesite/898,200,22989,ok
2026-05-27T06:54:36.178235+00:00,899,https://1000springs.org.nz/samplesite/899,200,23035,ok
2026-05-27T06:54:38.115865+00:00,900,https://1000springs.org.nz/samplesite/900,200,23057,ok
2026-05-27T06:54:39.859916+00:00,901,https://1000springs.org.nz/samplesite/901,200,23082,ok
2026-05-27T06:54:41.955730+00:00,902,https://1000springs.org.nz/samplesite/902,200,23130,ok
2026-05-27T06:54:43.749437+00:00,903,https://1000springs.org.nz/samplesite/903,200,23018,ok
2026-05-27T06:54:45.364589+00:00,904,https://1000springs.org.nz/samplesite/904,200,23057,ok
2026-05-27T06:54:47.743727+00:00,905,https://1000springs.org.nz/samplesite/905,200,23145,ok
2026-05-27T06:54:49.900481+00:00,906,https://1000springs.org.nz/samplesite/906,200,23007,ok
2026-05-27T06:54:52.936789+00:00,907,https://1000springs.org.nz/samplesite/907,200,22999,ok
2026-05-27T06:54:56.036114+00:00,908,https://1000springs.org.nz/samplesite/908,200,23021,ok
2026-05-27T06:54:58.394718+00:00,909,https://1000springs.org.nz/samplesite/909,200,23029,ok
2026-05-27T06:55:01.285374+00:00,910,https://1000springs.org.nz/samplesite/910,200,23057,ok
2026-05-27T06:55:03.000382+00:00,911,https://1000springs.org.nz/samplesite/911,200,23234,ok
2026-05-27T06:55:05.563163+00:00,912,https://1000springs.org.nz/samplesite/912,200,23058,ok
2026-05-27T06:55:08.165606+00:00,913,https://1000springs.org.nz/samplesite/913,200,23041,ok
2026-05-27T06:55:11.085542+00:00,914,https://1000springs.org.nz/samplesite/914,200,23153,ok
2026-05-27T06:55:14.106186+00:00,915,https://1000springs.org.nz/samplesite/915,200,23007,ok
2026-05-27T06:55:16.822549+00:00,916,https://1000springs.org.nz/samplesite/916,200,23145,ok
2026-05-27T06:55:18.566720+00:00,917,https://1000springs.org.nz/samplesite/917,200,22967,ok
2026-05-27T06:55:20.919834+00:00,918,https://1000springs.org.nz/samplesite/918,200,23127,ok
2026-05-27T06:55:23.286941+00:00,919,https://1000springs.org.nz/samplesite/919,200,23080,ok
2026-05-27T06:55:25.530403+00:00,920,https://1000springs.org.nz/samplesite/920,200,23145,ok
2026-05-27T06:55:27.595861+00:00,921,https://1000springs.org.nz/samplesite/921,200,23196,ok
2026-05-27T06:55:29.262285+00:00,922,https://1000springs.org.nz/samplesite/922,200,23308,ok
2026-05-27T06:55:31.673467+00:00,923,https://1000springs.org.nz/samplesite/923,200,23005,ok
2026-05-27T06:55:34.316239+00:00,924,https://1000springs.org.nz/samplesite/924,200,23105,ok
2026-05-27T06:55:37.215916+00:00,925,https://1000springs.org.nz/samplesite/925,200,23099,ok
2026-05-27T06:55:40.121044+00:00,926,https://1000springs.org.nz/samplesite/926,200,23087,ok
2026-05-27T06:55:42.678837+00:00,927,https://1000springs.org.nz/samplesite/927,200,23059,ok
2026-05-27T06:55:44.776293+00:00,928,https://1000springs.org.nz/samplesite/928,200,23064,ok
2026-05-27T06:55:46.984613+00:00,929,https://1000springs.org.nz/samplesite/929,200,23112,ok
2026-05-27T06:55:49.346668+00:00,930,https://1000springs.org.nz/samplesite/930,200,23121,ok
2026-05-27T06:55:52.394629+00:00,931,https://1000springs.org.nz/samplesite/931,200,23002,ok
2026-05-27T06:55:54.353306+00:00,932,https://1000springs.org.nz/samplesite/932,200,23015,ok
2026-05-27T06:55:56.146930+00:00,933,https://1000springs.org.nz/samplesite/933,200,23000,ok
2026-05-27T06:55:57.989018+00:00,934,https://1000springs.org.nz/samplesite/934,200,23049,ok
2026-05-27T06:56:00.336808+00:00,935,https://1000springs.org.nz/samplesite/935,200,23040,ok
2026-05-27T06:56:02.694854+00:00,936,https://1000springs.org.nz/samplesite/936,200,23077,ok
2026-05-27T06:56:05.055683+00:00,937,https://1000springs.org.nz/samplesite/937,200,23138,ok
2026-05-27T06:56:07.422299+00:00,938,https://1000springs.org.nz/samplesite/938,200,23056,ok
2026-05-27T06:56:09.757735+00:00,939,https://1000springs.org.nz/samplesite/939,200,23185,ok
2026-05-27T06:56:12.073826+00:00,940,https://1000springs.org.nz/samplesite/940,200,22955,ok
2026-05-27T06:56:13.657835+00:00,941,https://1000springs.org.nz/samplesite/941,200,23033,ok
2026-05-27T06:56:16.576056+00:00,942,https://1000springs.org.nz/samplesite/942,200,23018,ok
2026-05-27T06:56:19.085505+00:00,943,https://1000springs.org.nz/samplesite/943,200,22989,ok
2026-05-27T06:56:21.333232+00:00,944,https://1000springs.org.nz/samplesite/944,200,23111,ok
2026-05-27T06:56:23.462561+00:00,945,https://1000springs.org.nz/samplesite/945,200,22945,ok
2026-05-27T06:56:26.465435+00:00,946,https://1000springs.org.nz/samplesite/946,200,23076,ok
2026-05-27T06:56:29.339265+00:00,947,https://1000springs.org.nz/samplesite/947,200,23088,ok
2026-05-27T06:56:31.580873+00:00,948,https://1000springs.org.nz/samplesite/948,200,23097,ok
2026-05-27T06:56:34.467968+00:00,949,https://1000springs.org.nz/samplesite/949,200,23179,ok
2026-05-27T06:56:36.792894+00:00,950,https://1000springs.org.nz/samplesite/950,200,23138,ok
2026-05-27T06:56:39.821746+00:00,951,https://1000springs.org.nz/samplesite/951,200,23036,ok
2026-05-27T06:56:42.740711+00:00,952,https://1000springs.org.nz/samplesite/952,200,23031,ok
2026-05-27T06:56:45.201322+00:00,953,https://1000springs.org.nz/samplesite/953,200,23103,ok
2026-05-27T06:56:47.247792+00:00,954,https://1000springs.org.nz/samplesite/954,200,23072,ok
2026-05-27T06:56:49.089014+00:00,955,https://1000springs.org.nz/samplesite/955,200,23177,ok
2026-05-27T06:56:52.020363+00:00,956,https://1000springs.org.nz/samplesite/956,200,23102,ok
2026-05-27T06:56:54.516902+00:00,957,https://1000springs.org.nz/samplesite/957,200,23110,ok
2026-05-27T06:56:56.154425+00:00,958,https://1000springs.org.nz/samplesite/958,200,23169,ok
2026-05-27T06:56:58.513589+00:00,959,https://1000springs.org.nz/samplesite/959,200,23037,ok
2026-05-27T06:57:00.864805+00:00,960,https://1000springs.org.nz/samplesite/960,200,23111,ok
2026-05-27T06:57:03.016406+00:00,961,https://1000springs.org.nz/samplesite/961,200,23174,ok
2026-05-27T06:57:05.186499+00:00,962,https://1000springs.org.nz/samplesite/962,200,23003,ok
2026-05-27T06:57:07.625515+00:00,963,https://1000springs.org.nz/samplesite/963,200,23044,ok
2026-05-27T06:57:09.710814+00:00,964,https://1000springs.org.nz/samplesite/964,200,23171,ok
2026-05-27T06:57:11.969332+00:00,965,https://1000springs.org.nz/samplesite/965,200,23315,ok
2026-05-27T06:57:14.405873+00:00,966,https://1000springs.org.nz/samplesite/966,200,23324,ok
2026-05-27T06:57:16.649652+00:00,967,https://1000springs.org.nz/samplesite/967,200,23018,ok
2026-05-27T06:57:19.377960+00:00,968,https://1000springs.org.nz/samplesite/968,200,22988,ok
2026-05-27T06:57:21.843885+00:00,969,https://1000springs.org.nz/samplesite/969,200,23195,ok
2026-05-27T06:57:23.497382+00:00,970,https://1000springs.org.nz/samplesite/970,200,23029,ok
2026-05-27T06:57:25.925797+00:00,971,https://1000springs.org.nz/samplesite/971,200,23046,ok
2026-05-27T06:57:28.003136+00:00,972,https://1000springs.org.nz/samplesite/972,200,23207,ok
2026-05-27T06:57:30.716175+00:00,973,https://1000springs.org.nz/samplesite/973,200,23012,ok
2026-05-27T06:57:33.849239+00:00,974,https://1000springs.org.nz/samplesite/974,200,23131,ok
2026-05-27T06:57:35.681928+00:00,975,https://1000springs.org.nz/samplesite/975,200,23069,ok
2026-05-27T06:57:37.423116+00:00,976,https://1000springs.org.nz/samplesite/976,200,23146,ok
2026-05-27T06:57:39.905585+00:00,977,https://1000springs.org.nz/samplesite/977,200,23100,ok
2026-05-27T06:57:42.744098+00:00,978,https://1000springs.org.nz/samplesite/978,200,23159,ok
2026-05-27T06:57:45.104540+00:00,979,https://1000springs.org.nz/samplesite/979,200,23128,ok
2026-05-27T06:57:47.357908+00:00,980,https://1000springs.org.nz/samplesite/980,200,23277,ok
2026-05-27T06:57:49.610030+00:00,981,https://1000springs.org.nz/samplesite/981,200,23151,ok
2026-05-27T06:57:51.495076+00:00,982,https://1000springs.org.nz/samplesite/982,200,23053,ok
2026-05-27T06:57:53.809377+00:00,983,https://1000springs.org.nz/samplesite/983,200,23116,ok
2026-05-27T06:57:56.245173+00:00,984,https://1000springs.org.nz/samplesite/984,200,23092,ok
2026-05-27T06:57:58.620073+00:00,985,https://1000springs.org.nz/samplesite/985,200,23215,ok
2026-05-27T06:58:01.302027+00:00,986,https://1000springs.org.nz/samplesite/986,200,23139,ok
2026-05-27T06:58:03.395860+00:00,987,https://1000springs.org.nz/samplesite/987,200,23169,ok
2026-05-27T06:58:05.071129+00:00,988,https://1000springs.org.nz/samplesite/988,200,23110,ok
2026-05-27T06:58:07.324859+00:00,989,https://1000springs.org.nz/samplesite/989,200,23026,ok
2026-05-27T06:58:09.884524+00:00,992,https://1000springs.org.nz/samplesite/992,200,23131,ok
2026-05-27T06:58:11.626393+00:00,993,https://1000springs.org.nz/samplesite/993,200,23118,ok
2026-05-27T06:58:13.777349+00:00,994,https://1000springs.org.nz/samplesite/994,200,23064,ok
2026-05-27T06:58:16.636204+00:00,995,https://1000springs.org.nz/samplesite/995,200,23000,ok
2026-05-27T06:58:19.203419+00:00,996,https://1000springs.org.nz/samplesite/996,200,23036,ok
2026-05-27T06:58:21.076428+00:00,997,https://1000springs.org.nz/samplesite/997,200,23098,ok
2026-05-27T06:58:23.483590+00:00,998,https://1000springs.org.nz/samplesite/998,200,23087,ok
2026-05-27T06:58:26.193946+00:00,999,https://1000springs.org.nz/samplesite/999,200,23135,ok
2026-05-27T06:58:28.723975+00:00,1000,https://1000springs.org.nz/samplesite/1000,200,23153,ok
2026-05-27T06:58:31.758743+00:00,1001,https://1000springs.org.nz/samplesite/1001,200,23146,ok
2026-05-27T06:58:34.073448+00:00,1002,https://1000springs.org.nz/samplesite/1002,200,23101,ok
2026-05-27T06:58:36.861146+00:00,1003,https://1000springs.org.nz/samplesite/1003,200,23047,ok
2026-05-27T06:58:38.567142+00:00,1004,https://1000springs.org.nz/samplesite/1004,200,23169,ok
2026-05-27T06:58:40.399424+00:00,1005,https://1000springs.org.nz/samplesite/1005,200,23025,ok
2026-05-27T06:58:42.663823+00:00,1006,https://1000springs.org.nz/samplesite/1006,200,23492,ok
2026-05-27T06:58:44.960823+00:00,1007,https://1000springs.org.nz/samplesite/1007,200,23340,ok
2026-05-27T06:58:47.256295+00:00,1008,https://1000springs.org.nz/samplesite/1008,200,23338,ok
2026-05-27T06:58:50.045841+00:00,1009,https://1000springs.org.nz/samplesite/1009,200,23054,ok
2026-05-27T06:58:51.692467+00:00,1010,https://1000springs.org.nz/samplesite/1010,200,23227,ok
2026-05-27T06:58:54.448011+00:00,1011,https://1000springs.org.nz/samplesite/1011,200,23110,ok
2026-05-27T06:58:56.682731+00:00,1012,https://1000springs.org.nz/samplesite/1012,200,23403,ok
2026-05-27T06:58:58.729370+00:00,1013,https://1000springs.org.nz/samplesite/1013,200,23230,ok
2026-05-27T06:59:01.794849+00:00,1014,https://1000springs.org.nz/samplesite/1014,200,23081,ok
2026-05-27T06:59:03.441554+00:00,1015,https://1000springs.org.nz/samplesite/1015,200,23133,ok
2026-05-27T06:59:05.241460+00:00,1016,https://1000springs.org.nz/samplesite/1016,200,23215,ok
2026-05-27T06:59:06.862956+00:00,1017,https://1000springs.org.nz/samplesite/1017,200,23161,ok
2026-05-27T06:59:08.359236+00:00,1018,https://1000springs.org.nz/samplesite/1018,200,23370,ok
2026-05-27T06:59:11.226849+00:00,1019,https://1000springs.org.nz/samplesite/1019,200,23134,ok
2026-05-27T06:59:13.577747+00:00,1020,https://1000springs.org.nz/samplesite/1020,200,23208,ok
2026-05-27T06:59:15.834806+00:00,1021,https://1000springs.org.nz/samplesite/1021,200,23148,ok
2026-05-27T06:59:18.113959+00:00,1022,https://1000springs.org.nz/samplesite/1022,200,23073,ok
2026-05-27T06:59:19.929288+00:00,1023,https://1000springs.org.nz/samplesite/1023,200,23163,ok
2026-05-27T06:59:22.180056+00:00,1024,https://1000springs.org.nz/samplesite/1024,200,23273,ok
2026-05-27T06:59:24.991248+00:00,1025,https://1000springs.org.nz/samplesite/1025,200,23165,ok
2026-05-27T06:59:27.204323+00:00,1026,https://1000springs.org.nz/samplesite/1026,200,23192,ok
2026-05-27T06:59:28.837806+00:00,1027,https://1000springs.org.nz/samplesite/1027,200,23144,ok
2026-05-27T06:59:31.294494+00:00,1028,https://1000springs.org.nz/samplesite/1028,200,23337,ok
2026-05-27T06:59:33.525660+00:00,1029,https://1000springs.org.nz/samplesite/1029,200,23196,ok
2026-05-27T06:59:35.315693+00:00,1030,https://1000springs.org.nz/samplesite/1030,200,23256,ok
2026-05-27T06:59:37.862597+00:00,1031,https://1000springs.org.nz/samplesite/1031,200,23140,ok
2026-05-27T06:59:40.814935+00:00,1032,https://1000springs.org.nz/samplesite/1032,200,23162,ok
2026-05-27T06:59:42.878009+00:00,1033,https://1000springs.org.nz/samplesite/1033,200,23186,ok
2026-05-27T06:59:45.016188+00:00,1034,https://1000springs.org.nz/samplesite/1034,200,23064,ok
2026-05-27T06:59:47.986515+00:00,1035,https://1000springs.org.nz/samplesite/1035,200,23244,ok
2026-05-27T06:59:50.752326+00:00,1036,https://1000springs.org.nz/samplesite/1036,200,23140,ok
2026-05-27T06:59:53.810458+00:00,1037,https://1000springs.org.nz/samplesite/1037,200,23199,ok
2026-05-27T06:59:55.969220+00:00,1038,https://1000springs.org.nz/samplesite/1038,200,23122,ok
2026-05-27T06:59:58.231609+00:00,1039,https://1000springs.org.nz/samplesite/1039,200,23323,ok
2026-05-27T07:00:00.056165+00:00,1040,https://1000springs.org.nz/samplesite/1040,200,23111,ok
2026-05-27T07:00:02.013083+00:00,1041,https://1000springs.org.nz/samplesite/1041,200,23334,ok
2026-05-27T07:00:04.026056+00:00,1042,https://1000springs.org.nz/samplesite/1042,200,23149,ok
2026-05-27T07:00:06.547164+00:00,1043,https://1000springs.org.nz/samplesite/1043,200,23293,ok
2026-05-27T07:00:09.591093+00:00,1044,https://1000springs.org.nz/samplesite/1044,200,23442,ok
2026-05-27T07:00:11.578285+00:00,1045,https://1000springs.org.nz/samplesite/1045,200,23306,ok
2026-05-27T07:00:13.894137+00:00,1046,https://1000springs.org.nz/samplesite/1046,200,23215,ok
2026-05-27T07:00:15.841412+00:00,1047,https://1000springs.org.nz/samplesite/1047,200,23162,ok
2026-05-27T07:00:17.888635+00:00,1048,https://1000springs.org.nz/samplesite/1048,200,23091,ok
2026-05-27T07:00:19.830444+00:00,1049,https://1000springs.org.nz/samplesite/1049,200,23352,ok
2026-05-27T07:00:22.977453+00:00,1050,https://1000springs.org.nz/samplesite/1050,200,23258,ok
2026-05-27T07:00:24.880393+00:00,1051,https://1000springs.org.nz/samplesite/1051,200,23146,ok
2026-05-27T07:00:27.308836+00:00,1055,https://1000springs.org.nz/samplesite/1055,200,23300,ok
2026-05-27T07:00:28.849925+00:00,1056,https://1000springs.org.nz/samplesite/1056,200,23180,ok
2026-05-27T07:00:30.410582+00:00,1057,https://1000springs.org.nz/samplesite/1057,200,23096,ok
2026-05-27T07:00:33.299786+00:00,1082,https://1000springs.org.nz/samplesite/1082,200,22992,ok
2026-05-27T07:00:35.498501+00:00,1083,https://1000springs.org.nz/samplesite/1083,200,23136,ok
2026-05-27T07:00:37.736665+00:00,1084,https://1000springs.org.nz/samplesite/1084,200,23147,ok
2026-05-27T07:00:40.310677+00:00,1085,https://1000springs.org.nz/samplesite/1085,200,23238,ok
2026-05-27T07:00:42.462320+00:00,1096,https://1000springs.org.nz/samplesite/1096,200,22976,ok
2026-05-27T07:00:44.668076+00:00,1104,https://1000springs.org.nz/samplesite/1104,200,23099,ok
2026-05-27T07:00:47.075568+00:00,1105,https://1000springs.org.nz/samplesite/1105,200,23151,ok
2026-05-27T07:00:49.577352+00:00,1123,https://1000springs.org.nz/samplesite/1123,200,23246,ok
2026-05-27T07:00:52.634427+00:00,1124,https://1000springs.org.nz/samplesite/1124,200,23155,ok
2026-05-27T07:00:54.973524+00:00,1125,https://1000springs.org.nz/samplesite/1125,200,23148,ok
2026-05-27T07:00:57.413118+00:00,1126,https://1000springs.org.nz/samplesite/1126,200,23128,ok
2026-05-27T07:00:59.564329+00:00,1127,https://1000springs.org.nz/samplesite/1127,200,23036,ok
2026-05-27T07:01:01.713407+00:00,1128,https://1000springs.org.nz/samplesite/1128,200,23105,ok
2026-05-27T07:01:03.863808+00:00,1129,https://1000springs.org.nz/samplesite/1129,200,23128,ok
2026-05-27T07:01:06.943258+00:00,1130,https://1000springs.org.nz/samplesite/1130,200,23169,ok
2026-05-27T07:01:09.113357+00:00,1131,https://1000springs.org.nz/samplesite/1131,200,23121,ok
2026-05-27T07:01:11.751587+00:00,1132,https://1000springs.org.nz/samplesite/1132,200,23129,ok
2026-05-27T07:01:14.361668+00:00,1133,https://1000springs.org.nz/samplesite/1133,200,23129,ok
2026-05-27T07:01:16.613284+00:00,1134,https://1000springs.org.nz/samplesite/1134,200,23188,ok
2026-05-27T07:01:19.019813+00:00,1135,https://1000springs.org.nz/samplesite/1135,200,23069,ok
2026-05-27T07:01:21.076809+00:00,1141,https://1000springs.org.nz/samplesite/1141,200,23078,ok
2026-05-27T07:01:23.114889+00:00,1142,https://1000springs.org.nz/samplesite/1142,200,23124,ok
2026-05-27T07:01:24.858816+00:00,1143,https://1000springs.org.nz/samplesite/1143,200,23037,ok
2026-05-27T07:01:26.906641+00:00,1144,https://1000springs.org.nz/samplesite/1144,200,23212,ok
2026-05-27T07:01:29.268905+00:00,1145,https://1000springs.org.nz/samplesite/1145,200,23103,ok
2026-05-27T07:01:31.533752+00:00,1147,https://1000springs.org.nz/samplesite/1147,200,23067,ok
2026-05-27T07:01:34.176858+00:00,1148,https://1000springs.org.nz/samplesite/1148,200,23176,ok
2026-05-27T07:01:36.644944+00:00,1149,https://1000springs.org.nz/samplesite/1149,200,23134,ok
2026-05-27T07:01:39.129054+00:00,1150,https://1000springs.org.nz/samplesite/1150,200,23046,ok
2026-05-27T07:01:41.754111+00:00,1151,https://1000springs.org.nz/samplesite/1151,200,23071,ok
2026-05-27T07:01:43.906921+00:00,1152,https://1000springs.org.nz/samplesite/1152,200,22995,ok
2026-05-27T07:01:46.350768+00:00,1153,https://1000springs.org.nz/samplesite/1153,200,23138,ok
2026-05-27T07:01:48.279884+00:00,1154,https://1000springs.org.nz/samplesite/1154,200,23036,ok
2026-05-27T07:01:50.152378+00:00,1155,https://1000springs.org.nz/samplesite/1155,200,23018,ok
2026-05-27T07:01:52.510330+00:00,1156,https://1000springs.org.nz/samplesite/1156,200,23050,ok
2026-05-27T07:01:54.662178+00:00,1176,https://1000springs.org.nz/samplesite/1176,200,23086,ok
2026-05-27T07:01:57.342629+00:00,1177,https://1000springs.org.nz/samplesite/1177,200,23078,ok
2026-05-27T07:02:00.261108+00:00,1178,https://1000springs.org.nz/samplesite/1178,200,23068,ok
2026-05-27T07:02:03.211284+00:00,1179,https://1000springs.org.nz/samplesite/1179,200,22973,ok
2026-05-27T07:02:05.099783+00:00,1180,https://1000springs.org.nz/samplesite/1180,200,23080,ok
2026-05-27T07:02:07.487289+00:00,1181,https://1000springs.org.nz/samplesite/1181,200,23064,ok
2026-05-27T07:02:09.667509+00:00,1182,https://1000springs.org.nz/samplesite/1182,200,23119,ok
2026-05-27T07:02:11.759789+00:00,1183,https://1000springs.org.nz/samplesite/1183,200,23087,ok
2026-05-27T07:02:14.774845+00:00,1184,https://1000springs.org.nz/samplesite/1184,200,23118,ok
2026-05-27T07:02:16.981624+00:00,1185,https://1000springs.org.nz/samplesite/1185,200,23260,ok
2026-05-27T07:02:18.826126+00:00,1186,https://1000springs.org.nz/samplesite/1186,200,23049,ok
2026-05-27T07:02:21.198501+00:00,1187,https://1000springs.org.nz/samplesite/1187,200,23130,ok
2026-05-27T07:02:23.330420+00:00,1188,https://1000springs.org.nz/samplesite/1188,200,23078,ok
2026-05-27T07:02:26.396818+00:00,1189,https://1000springs.org.nz/samplesite/1189,200,23186,ok
2026-05-27T07:02:29.460935+00:00,1192,https://1000springs.org.nz/samplesite/1192,200,23090,ok
2026-05-27T07:02:31.440222+00:00,1193,https://1000springs.org.nz/samplesite/1193,200,23204,ok
2026-05-27T07:02:33.026409+00:00,1194,https://1000springs.org.nz/samplesite/1194,200,23106,ok
2026-05-27T07:02:34.997093+00:00,1195,https://1000springs.org.nz/samplesite/1195,200,23056,ok
2026-05-27T07:02:36.746377+00:00,1196,https://1000springs.org.nz/samplesite/1196,200,23017,ok
2026-05-27T07:02:39.204568+00:00,1199,https://1000springs.org.nz/samplesite/1199,200,22973,ok
2026-05-27T07:02:41.148912+00:00,1200,https://1000springs.org.nz/samplesite/1200,200,23045,ok
2026-05-27T07:02:42.786448+00:00,1201,https://1000springs.org.nz/samplesite/1201,200,23058,ok
